,architecture,train_time,avg_time_epoch,mse,mse_std,rmse,rmse_std,mape,mape_std,mae,mae_std
0,L3_U16,10.713727951049805,0.4028603947380849,0.03467260549465815,0.0019892139912100005,0.18615553279717764,0.00529950310147182,83782.8828125,35929.406933578706,0.1276088903347651,0.005430221659052947
1,L3_U16,7.260536988576253,0.42026338205709085,0.01747129112482071,0.0003587462481678931,0.13217434287071228,0.0013608327806469648,226233.83333333334,25102.60802931872,0.0776787797609965,0.0019537013029278694
2,L3_U16,11.130024274190268,0.41425681842410045,0.019814489409327507,0.00048382050004155004,0.14075692494710287,0.0017217357695283562,76451.16927083333,34939.630208322465,0.0819432611266772,0.0021001783818106238
